Routename,WebCode
138,138
143,143
166,166
184,184
192,192
193,193
223,223
226,226
233,233
234,234
272,272
273,273
284,284
299,299
315,315
318,318
322,322
324,324
326,326
336,336
352,352
364,364
366,366
377,377
379,379
380,380
382,382
383,383
384,384
385,385
389,389
395,395
399,399
419,419
424,424
434,434
463,463
465,465
470,470
491,491
499,499
558,558
609,609
616,616
631,631
664,664
931,931
965,965
969,969
B11,B11
B12,B12
B13,B13
B14,B14
B15,B15
C2,C2
E10,E10
E11,E11
E6,E6
E9,E9
G1,G1
H2,H2
H26,H26
H3,H3
K4,K4
K5,K5
R1,R1
R10,R10
R2,R2
R3,R3
R4,R4
R5,R5
R8,R8
S1,S1
S3,S3
S4,S4
U10,U10
U2,U2
UL10,UL10
UL11,UL11
UL13,UL13
UL15,UL15
UL17,UL17
UL18,UL18
UL19,UL19
UL2,UL2
UL20,UL20
UL5,UL5
UL6,UL6
UL7,UL7
UL8,UL8
UL9,UL9
W10,W10
W12,W12
W4,W4
W5,W5
W6,W6
W9,W9
